height,timestamp,cost,removals,eligible,multi_groups,largest_group,groups_emitted,dropped_single,dropped_multi,tweaks,tweaks_from_multi,dup_removed,additions_tx,reward_coins,distinct_ph_all,filter_bytes,filter_n,filter_hash_ok,header_with_filter,header_no_filter,tweak_resp_bytes,ct_omitted,gen_us,group_us
9300001,1789560873,10586676788,8,8,0,0,8,0,0,8,0,0,4608,6,4612,12462,4620,1,16817,4356,424,,1140,106891
9300002,1789560926,10189044174,16,12,0,0,12,0,0,12,0,0,4414,6,4418,11963,4434,1,17981,6019,616,,1866,103602
9300006,1789561004,10617308524,18,18,0,0,18,0,0,18,0,0,4611,2,4612,12495,4630,1,17661,5167,904,,2916,232717
9300007,1789561042,10701718024,16,15,0,0,15,0,0,15,0,0,4638,8,4642,12570,4658,1,17463,4894,760,,2841,148568
9300010,1789561079,10663051992,13,11,0,0,11,0,0,11,0,0,4613,2,4614,12490,4627,1,16416,3927,568,,2016,110373
9300014,1789561147,10596906474,11,11,0,0,11,0,0,11,0,0,4609,6,4612,12476,4623,1,16802,4327,568,,1025,104848
9300017,1789561182,10637935246,9,8,0,0,8,0,0,8,0,0,4609,8,4613,12472,4622,1,17216,4745,424,,1873,103960
9300019,1789561220,10586664788,8,8,0,0,8,0,0,8,0,0,4608,6,4613,12471,4621,1,16685,4215,424,,1051,104193
9300020,1789561264,10714700868,31,27,0,0,27,0,0,27,0,0,4625,4,4627,12572,4658,1,17065,4494,1336,,2237,112086
9300021,1789561296,10644666979,15,13,0,0,13,0,0,13,0,0,4614,2,4616,12497,4631,1,17269,4773,664,,3404,112671
9300024,1789561333,10601515076,11,11,0,0,11,0,0,11,0,0,4611,2,4613,12476,4624,1,16825,4350,568,,1109,104666
9300027,1789561385,10581695234,14,9,0,0,9,0,0,9,0,0,4555,6,4558,12337,4572,1,17679,5343,472,,2492,116769
9300032,1789561446,10621869131,10,8,0,0,8,0,0,8,0,0,4610,6,4614,12478,4624,1,17538,5061,424,,1641,101638
9300035,1789561546,10790619126,229,214,1,200,215,0,0,215,1,0,4411,10,4413,12527,4642,1,18551,6025,10360,,4432,184187
9300039,1789561576,10586664788,8,8,0,0,8,0,0,8,0,0,4608,6,4613,12470,4621,1,16402,3933,424,,918,98919
9300041,1789561671,10635410508,21,21,0,0,21,0,0,21,0,0,4616,8,4622,12533,4643,1,20669,8137,1048,,1126,105493
9300044,1789561705,10586664788,8,8,0,0,8,0,0,8,0,0,4608,4,4609,12457,4617,1,16104,3648,424,,968,97946
9300045,1789561745,10637971246,9,8,0,0,8,0,0,8,0,0,4609,6,4613,12472,4622,1,17987,5516,424,,1824,100326
9300047,1789561849,10699673134,15,10,0,0,10,0,0,10,0,0,4617,2,4618,12499,4633,1,20127,7629,520,,2556,102425
9300048,1789561909,10244266306,12,8,0,0,8,0,0,8,0,0,4412,4,4415,11947,4427,1,17821,5875,424,,3096,98625
9300050,1789561948,10327810298,16,8,0,0,8,0,0,8,0,0,4473,2,4474,12118,4490,1,16467,4350,424,,1698,100507
9300054,1789561991,9810612726,16,8,0,0,8,0,0,8,0,0,4218,4,4220,11430,4236,1,15077,3648,424,,3391,95801
9300055,1789562031,9692784560,8,7,0,0,7,0,0,7,0,0,4208,8,4215,11397,4223,1,17136,5740,376,,1541,94267
9300063,1789562077,9659868596,6,6,0,0,6,0,0,6,0,0,4206,2,4207,11368,4213,1,15717,4350,328,,854,94340
9300066,1789562134,10640250794,13,9,0,0,9,0,0,9,0,0,4614,16,4622,12506,4635,1,17834,5329,472,,1744,104637
9300068,1789562197,10123266692,7,7,0,0,7,0,0,7,0,0,4407,6,4410,11919,4417,1,15851,3933,376,,889,95439
9300070,1789562250,10174573150,8,7,0,0,7,0,0,7,0,0,4408,4,4411,11924,4419,1,18644,6721,376,,1757,98323
9300076,1789562310,10635324319,12,10,0,0,10,0,0,10,0,0,4613,4,4613,12484,4625,1,17126,4643,520,,1644,100613
9300079,1789562368,10230509734,16,11,0,0,11,0,0,11,0,0,4416,12,4420,11974,4436,1,17921,5948,568,,2691,98849
9300082,1789562419,10653935974,11,10,0,0,10,0,0,10,0,0,4613,6,4619,12492,4630,1,17411,4920,520,,1775,100851
9300087,1789562460,10822097064,51,41,0,0,41,0,0,41,0,0,4625,6,4624,12619,4675,1,16692,4074,2008,,3691,118193
9300089,1789562506,10586664788,8,8,0,0,8,0,0,8,0,0,4608,10,4617,12483,4625,1,17267,4785,424,,970,99086
9300090,1789562565,10675799445,11,9,0,0,9,0,0,9,0,0,4613,4,4617,12489,4628,1,17687,5199,472,,2376,101632
9300093,1789562627,10648225704,10,8,0,0,8,0,0,8,0,0,4610,2,4612,12470,4622,1,17495,5026,424,,1881,103054
9300095,1789562669,10722284167,19,17,0,0,17,0,0,17,0,0,4620,6,4624,12530,4643,1,16997,4468,856,,2797,105520
9300096,1789562711,10693842587,20,12,0,0,12,0,0,12,0,0,4626,4,4629,12543,4649,1,18023,5481,616,,1823,104582
9300099,1789562774,10719727735,25,17,0,0,17,0,0,17,0,0,4625,2,4624,12548,4649,1,16756,4209,856,,2435,112536
9300101,1789562821,10633333682,11,9,0,0,9,0,0,9,0,0,4614,6,4620,12496,4631,1,17556,5061,472,,1959,109557
9300102,1789562886,10592095188,9,9,0,0,9,0,0,9,0,0,4609,4,4612,12470,4621,1,18344,5875,472,,1074,105058
9300106,1789562941,10638921194,10,9,0,0,9,0,0,9,0,0,4611,2,4612,12474,4622,1,16089,3616,472,,1878,105931
9300107,1789563028,10670119784,11,9,0,0,9,0,0,9,0,0,4611,8,4614,12482,4625,1,21416,8935,472,,2568,102547
9300111,1789563067,10220380942,20,8,0,0,8,0,0,8,0,0,4421,2,4417,11973,4437,1,15729,3757,424,,1986,99813
9300114,1789563119,10646314682,19,17,0,0,17,0,0,17,0,0,4613,8,4615,12503,4634,1,16691,4189,856,,1686,103952
9300115,1789563143,10586676788,8,8,0,0,8,0,0,8,0,0,4608,6,4613,12473,4621,1,17222,4750,424,,929,99247
9300119,1789563180,10688559658,11,9,0,0,9,0,0,9,0,0,4612,2,4613,12485,4624,1,16693,4209,472,,3673,105614
9300122,1789563302,10690644645,13,9,0,0,9,0,0,9,0,0,4614,8,4620,12499,4633,1,17392,4894,472,,2646,105166
9300123,1789563343,10797742368,21,10,0,0,10,0,0,10,0,0,4622,6,4622,12529,4643,1,18012,5484,520,,4315,106402
9300128,1789563427,10628080297,230,24,1,4,25,0,0,25,1,0,2223,2,2223,6622,2453,1,11506,4885,1240,,131216,142376
9300131,1789563482,10781209384,48,16,0,0,16,0,0,16,0,0,4417,10,4423,12063,4471,1,17241,5179,808,,15653,119802
9300134,1789563539,10586664788,8,8,0,0,8,0,0,8,0,0,4608,6,4612,12467,4620,1,17639,5173,424,,1128,102987
9300135,1789563621,10586664788,8,8,0,0,8,0,0,8,0,0,4608,6,4612,12468,4620,1,19928,7461,424,,930,104258
9300140,1789563665,10640250794,13,9,0,0,9,0,0,9,0,0,4614,2,4613,12483,4626,1,16699,4217,472,,1857,107651
9300141,1789563717,10800090034,26,20,0,0,20,0,0,20,0,0,4625,10,4634,12576,4660,1,18065,5490,1000,,4521,112205
9300143,1789563758,10731938627,18,12,0,0,12,0,0,12,0,0,4644,2,4643,12581,4661,1,17324,4744,616,,1836,106065
9300146,1789563807,10586664788,8,8,0,0,8,0,0,8,0,0,4608,4,4610,12463,4618,1,17520,5058,424,,1024,135890
9300147,1789563849,10772134654,14,10,0,0,10,0,0,10,0,0,4615,6,4620,12506,4634,1,17566,5061,520,,12466,268387
9300150,1789563887,10659584256,19,8,0,0,8,0,0,8,0,0,4609,2,4611,12494,4630,1,16814,4321,424,,2063,108341
9300152,1789563921,10627505613,11,9,0,0,9,0,0,9,0,0,4611,6,4611,12472,4622,1,16545,4074,472,,1762,101933
9300154,1789564073,10695136878,19,16,0,0,16,0,0,16,0,0,4617,4,4621,12520,4640,1,18817,6298,808,,2189,108265
9300159,1789564124,10669468870,11,9,0,0,9,0,0,9,0,0,4611,4,4614,12479,4625,1,16831,4353,472,,7631,283226
9300164,1789564204,10651126480,15,11,0,0,11,0,0,11,0,0,4615,10,4622,12512,4637,1,18427,5916,568,,2941,125061
9300167,1789564232,10279047131,30,21,1,10,22,0,0,22,1,0,4426,10,4430,12035,4460,1,16396,4362,1096,,3090,126033
9300169,1789564332,10614746060,19,19,0,0,19,0,0,19,0,0,4610,6,4614,12499,4633,1,19363,6865,952,,1362,124482
9300171,1789564397,10586676788,8,8,0,0,8,0,0,8,0,0,4608,4,4611,12465,4619,1,17099,4635,424,,1002,99726
9300172,1789564434,10676759280,12,10,0,0,10,0,0,10,0,0,4613,4,4616,12491,4628,1,17548,5058,520,,2548,102821
9300175,1789564484,10669960529,13,11,0,0,11,0,0,11,0,0,4611,2,4613,12485,4626,1,17116,4632,568,,2619,103219
9300178,1789564567,10702184313,16,9,0,0,9,0,0,9,0,0,4617,6,4619,12504,4635,1,18410,5907,472,,2809,105724
9300180,1789564602,10586664788,8,8,0,0,8,0,0,8,0,0,4608,6,4612,12469,4620,1,16542,4074,424,,941,100570
9300181,1789564647,10622517310,20,20,0,0,20,0,0,20,0,0,4613,4,4615,12508,4635,1,17142,4635,1000,,967,105201
9300183,1789564687,10658432162,11,8,0,0,8,0,0,8,0,0,4611,2,4613,12479,4624,1,16940,4462,424,,1981,109213
9300186,1789564744,10669396870,11,9,0,0,9,0,0,9,0,0,4611,4,4612,12476,4623,1,16828,4353,472,,2681,104171
9300188,1789564803,10646982503,18,8,0,0,8,0,0,8,0,0,4618,6,4614,12501,4632,1,17138,4638,424,,1875,106241
9300190,1789564845,10640250794,13,9,0,0,9,0,0,9,0,0,4614,4,4616,12493,4629,1,16429,3937,472,,1712,103019
9300196,1789564894,10586664788,8,8,0,0,8,0,0,8,0,0,4608,4,4611,12464,4619,1,16787,4324,424,,1002,99045
9300198,1789564950,10602295870,13,13,0,0,13,0,0,13,0,0,4610,12,4613,12486,4626,1,18654,6169,664,,945,100703
9300200,1789565021,10586652788,8,8,0,0,8,0,0,8,0,0,4608,4,4611,12465,4619,1,17493,5029,424,,910,98903
9300202,1789565054,10586676788,8,8,0,0,8,0,0,8,0,0,4608,4,4610,12459,4618,1,17064,4606,424,,907,98589
9300204,1789565095,10598758938,10,10,0,0,10,0,0,10,0,0,4610,4,4612,12470,4622,1,17357,4888,520,,1030,99707
9300208,1789565136,10740650270,29,20,0,0,20,0,0,20,0,0,4631,4,4619,12542,4648,1,16894,4353,1000,,2583,106358
9300211,1789565195,10756883210,34,31,0,0,31,0,0,31,0,0,4619,8,4626,12572,4660,1,17494,4923,1528,,3290,109611
9300213,1789565238,10174561150,8,7,0,0,7,0,0,7,0,0,4408,6,4414,11934,4422,1,15978,4045,376,,1869,96216
9300216,1789565266,10586664788,8,8,0,0,8,0,0,8,0,0,4608,4,4609,12454,4617,1,16665,4212,424,,908,98532
9300217,1789565377,10777221710,25,18,0,0,18,0,0,18,0,0,4624,6,4630,12560,4655,1,21116,8557,904,,3521,111015
9300219,1789565434,10744471564,16,13,0,0,13,0,0,13,0,0,4617,2,4618,12502,4634,1,17277,4776,664,,3793,104056
9300222,1789565512,10756826452,24,18,0,0,18,0,0,18,0,0,4623,4,4622,12533,4646,1,18971,6439,904,,3468,105740
9300224,1789565563,10646857084,11,10,0,0,10,0,0,10,0,0,4613,6,4618,12491,4629,1,16535,4045,520,,1894,103142
9300226,1789565585,10586664788,8,8,0,0,8,0,0,8,0,0,4608,4,4611,12464,4619,1,16816,4353,424,,999,102825
9300227,1789565637,10695058434,12,9,0,0,9,0,0,9,0,0,4612,4,4616,12488,4628,1,16981,4494,472,,3057,125563
9300228,1789565705,10684739526,21,14,0,0,14,0,0,14,0,0,4622,2,4622,12534,4643,1,20238,7705,712,,5509,283435
9300231,1789565760,10669240846,11,9,0,0,9,0,0,9,0,0,4611,2,4612,12475,4623,1,17359,4885,472,,2633,102788
9300232,1789565814,10621869131,10,8,0,0,8,0,0,8,0,0,4610,6,4613,12479,4623,1,18808,6330,424,,1679,131121
9300236,1789565859,10755788317,15,10,0,0,10,0,0,10,0,0,4616,2,4618,12496,4633,1,16845,4350,520,,4702,113255
9300238,1789565907,10191529739,22,20,0,0,20,0,0,20,0,0,4412,8,4418,11980,4440,1,16338,4359,1000,,1874,105781
9300240,1789565972,10661900358,17,16,0,0,16,0,0,16,0,0,4611,4,4614,12499,4631,1,17556,5058,808,,1893,108313
9300244,1789566010,10755443056,14,10,0,0,10,0,0,10,0,0,4614,4,4617,12496,4631,1,16992,4497,520,,4268,112922
9300245,1789566051,10773774244,21,10,0,0,10,0,0,10,0,0,4623,8,4623,12531,4644,1,17489,4959,520,,3933,110008
9300248,1789566095,10601515076,11,11,0,0,11,0,0,11,0,0,4611,2,4613,12477,4624,1,16121,3645,568,,1004,101865
9300252,1789566195,10629114308,19,19,0,0,19,0,0,19,0,0,4614,6,4619,12518,4638,1,16844,4327,952,,1137,104043
9300255,1789566291,9745474513,16,10,0,0,10,0,0,10,0,0,4217,8,4220,11431,4236,1,20301,8871,520,,1908,94160
9300257,1789566340,10123266692,7,7,0,0,7,0,0,7,0,0,4407,6,4412,11924,4419,1,16391,4468,376,,960,97867
9300259,1789566396,10673484635,15,10,0,0,10,0,0,10,0,0,4616,4,4616,12496,4631,1,18540,6045,520,,2327,103124
9300260,1789566455,10128895220,8,8,0,0,8,0,0,8,0,0,4408,4,4411,11924,4419,1,17545,5622,424,,895,96450
9300264,1789566487,10586664788,8,8,0,0,8,0,0,8,0,0,4608,2,4610,12465,4618,1,16391,3927,424,,985,100536
9300270,1789566565,10673448660,26,22,0,0,22,0,0,22,0,0,4616,8,4620,12534,4646,1,18020,5487,1096,,1961,108681
9300273,1789566604,10234872178,18,16,1,8,17,0,0,17,1,0,4412,12,4417,11967,4435,1,16786,4820,856,,3098,100276
9300275,1789566634,10651141855,15,9,0,0,9,0,0,9,0,0,4616,6,4617,12500,4632,1,16573,4074,472,,1839,104055
9300276,1789566680,10715928133,17,14,0,0,14,0,0,14,0,0,4642,4,4645,12584,4662,1,17189,4606,712,,1644,103813
9300277,1789566734,10761573707,28,23,1,4,24,0,0,24,1,0,4619,2,4620,12543,4648,1,19007,6465,1192,,3172,113209
9300279,1789566780,10613239882,13,13,1,3,14,0,0,14,1,0,4612,2,4614,12483,4627,1,17085,4603,712,,1176,102473
9300281,1789566818,10636362828,13,12,0,0,12,0,0,12,0,0,4613,4,4615,12484,4628,1,16807,4324,616,,1674,102579
9300284,1789566866,9752323574,28,27,0,0,27,0,0,27,0,0,4214,4,4215,11447,4243,1,16081,4635,1336,,1896,99741
9300285,1789566909,10619064540,10,9,0,0,9,0,0,9,0,0,4610,6,4615,12482,4625,1,17795,5314,472,,1610,104884
9300286,1789566965,10688370929,27,25,1,13,26,0,0,26,1,0,4616,2,4616,12528,4643,1,18540,6013,1288,,2132,110200
9300288,1789567022,10649944112,12,11,0,0,11,0,0,11,0,0,4613,2,4614,12483,4626,1,16127,3645,568,,2031,189766
9300293,1789567045,10658511253,19,14,0,0,14,0,0,14,0,0,4617,4,4621,12518,4640,1,16559,4042,712,,4552,197031
9300297,1789567093,10638933200,10,9,0,0,9,0,0,9,0,0,4611,10,4619,12496,4629,1,17139,4644,472,,2219,107143
9300299,1789567151,10644493363,14,12,0,0,12,0,0,12,0,0,4615,8,4619,12502,4633,1,17959,5458,616,,1763,104728
